{
  "intercept": 9.846979166666639,
  "features": [
    "minutes",
    "goals",
    "assists",
    "progressive_actions",
    "defensive_actions",
    "contract_months_remaining",
    "age",
    "mention_count",
    "injury_days",
    "injury_count",
    "sentiment_score",
    "goals_per_90",
    "assists_per_90",
    "actions_per_90",
    "injury_risk",
    "performance_index",
    "performance_trend",
    "value_lag_1",
    "value_lag_2",
    "short_contract",
    "prime_age",
    "position_Defender",
    "position_Forward",
    "position_Goalkeeper",
    "position_Midfielder",
    "club_Athletic Union",
    "club_East City",
    "club_Northbridge FC",
    "club_Real Portside",
    "club_Sporting Vale",
    "country_Argentina",
    "country_Brazil",
    "country_England",
    "country_France",
    "country_Germany",
    "country_Portugal",
    "country_Spain"
  ],
  "weights": [
    -0.09624631631159743,
    0.0057231528270184325,
    -0.17413030405150026,
    0.16622177565258267,
    0.09480260900262186,
    -0.12492170040640578,
    -0.1057725827555225,
    -0.011918190178287219,
    -0.29950563704110716,
    0.06282478654132984,
    0.011664239920304884,
    0.015918896584782002,
    0.21310775666177703,
    -0.03359973800706016,
    -0.05124887247700129,
    0.02237265321715947,
    -0.14104804680218788,
    3.378891170019123,
    0.3287771361481805,
    0.08312270719636343,
    0.18481143359390828,
    -0.05850511205241505,
    0.045969634023894965,
    -0.09431795823583748,
    0.06893824455947063,
    -0.0058409065722737135,
    -0.007396226281406514,
    -0.04803353621895911,
    0.12214802149897533,
    -0.031037789709610766,
    0.03937598129574234,
    0.05663013136757122,
    -0.025826663921844184,
    0.02807209786077691,
    -0.03561755109326361,
    -0.015020889638556644,
    -0.0186525179278658
  ]
}