{
  "hidden_size": 18,
  "seed": 7,
  "output_weights": [
    10.539855260252017,
    -1.1100112151282358,
    3.598963815012608,
    -2.3558191606979286,
    2.81464364946509,
    -4.490707090634258,
    0.8798619342145872,
    -0.27106657588123995,
    -3.079255871436949,
    3.236671241410849,
    -2.3134430136055126,
    1.0427196380739452,
    -3.160441369668999,
    4.4416171973399186,
    -1.656587318211618,
    1.415027457589522,
    2.2966172341461473,
    -0.8075573214134086,
    -0.9016009494256874
  ],
  "note": "Dependency-free gated sequence encoder with ridge output layer."
}