{
  "columns": [
    "minutes",
    "goals",
    "assists",
    "progressive_actions",
    "defensive_actions",
    "contract_months_remaining",
    "age",
    "mention_count",
    "injury_days",
    "injury_count",
    "sentiment_score",
    "goals_per_90",
    "assists_per_90",
    "actions_per_90",
    "injury_risk",
    "performance_index",
    "performance_trend",
    "value_lag_1",
    "value_lag_2",
    "short_contract",
    "prime_age",
    "position_Defender",
    "position_Forward",
    "position_Goalkeeper",
    "position_Midfielder",
    "club_Athletic Union",
    "club_East City",
    "club_Northbridge FC",
    "club_Real Portside",
    "club_Sporting Vale",
    "country_Argentina",
    "country_Brazil",
    "country_England",
    "country_France",
    "country_Germany",
    "country_Portugal",
    "country_Spain"
  ],
  "mean": [
    654.8704861111112,
    0.2638888888888889,
    0.1857638888888889,
    22.622847222222223,
    16.451024305555556,
    20.100694444444443,
    26.569444444444443,
    1323.0677083333333,
    8.055555555555555,
    0.6684027777777778,
    0.33414069444444444,
    0.03869312278194137,
    0.02399948850121525,
    5.761810046518999,
    0.08711741255144033,
    2.1127283540859008,
    -0.007826630046218037,
    9.567100694444443,
    9.476875,
    0.5086805555555556,
    0.4236111111111111,
    0.3055555555555556,
    0.25,
    0.08333333333333333,
    0.3611111111111111,
    0.19444444444444445,
    0.25,
    0.2222222222222222,
    0.1111111111111111,
    0.2222222222222222,
    0.08333333333333333,
    0.08333333333333333,
    0.25,
    0.1111111111111111,
    0.1111111111111111,
    0.16666666666666666,
    0.19444444444444445
  ],
  "std": [
    170.201252087826,
    0.561942453448442,
    0.4547650184758289,
    6.129410392071715,
    8.499500750826376,
    14.819642542021803,
    3.8131766754275485,
    468.3004295220981,
    14.022441229140215,
    0.5646793131140458,
    0.24462840167368244,
    0.08362562486629734,
    0.058959306735741505,
    2.4083228155793424,
    0.08046303972868503,
    0.9334061495204111,
    1.1790410326652563,
    3.7672881488950476,
    3.5747832041394094,
    0.4999246422764604,
    0.49413028408945037,
    0.46064233199380555,
    0.4330127018922193,
    0.27638539919628335,
    0.48032267960529396,
    0.3957724124659724,
    0.4330127018922193,
    0.41573970964154905,
    0.3142696805273545,
    0.41573970964154905,
    0.2763853991962833,
    0.2763853991962833,
    0.4330127018922193,
    0.3142696805273545,
    0.3142696805273545,
    0.37267799624996495,
    0.39577241246597245
  ]
}